<?xml version="1.0" encoding="UTF-8"?>
<project-private xmlns="http://www.netbeans.org/ns/project-private/1">
    <editor-bookmarks xmlns="http://www.netbeans.org/ns/editor-bookmarks/2" lastBookmarkId="0"/>
    <open-files xmlns="http://www.netbeans.org/ns/projectui-open-files/2">
        <group>
            <file>file:/C:/Users/Admin/Documents/NetBeansProjects/Hms1234/src/com/hospital/gui/MainDashboard.java</file>
            <file>file:/C:/Users/Admin/Documents/NetBeansProjects/Hms1234/src/com/hospital/gui/AddDoctorForm.java</file>
            <file>file:/C:/Users/Admin/Documents/NetBeansProjects/Hms1234/src/com/hospital/database/DBConnection.java</file>
            <file>file:/C:/Users/Admin/Documents/NetBeansProjects/Hms1234/src/com/hospital/gui/ViewAppointmentsForm.java</file>
            <file>file:/C:/Users/Admin/Documents/NetBeansProjects/Hms1234/src/com/hospital/gui/ScheduleAppointmentForm.java</file>
            <file>file:/C:/Users/Admin/Documents/NetBeansProjects/Hms1234/src/com/hospital/gui/LoginDialog.java</file>
            <file>file:/C:/Users/Admin/Documents/NetBeansProjects/Hms1234/src/com/hospital/gui/ViewPatientsForm.java</file>
            <file>file:/C:/Users/Admin/Documents/NetBeansProjects/Hms1234/src/com/hospital/models/Patient.java</file>
            <file>file:/C:/Users/Admin/Documents/NetBeansProjects/Hms1234/src/com/hospital/gui/AddPatientForm.java</file>
            <file>file:/C:/Users/Admin/Documents/NetBeansProjects/Hms1234/src/com/hospital/gui/ViewDoctorsForm.java</file>
        </group>
    </open-files>
</project-private>
